Sr. NO ,Name ,Profile Link ,Category ,Location
1,Karishma Samat,https://www.instagram.com/karishmasamat/,,
2,Sucheta Pal,https://www.instagram.com/suchetapal/,,
3,Kim ,https://www.instagram.com/kimparadise7/,"Fashion & Lifestyle, Family and Parenting ",Mumbai 
4,Chi Chi,https://www.instagram.com/thestyletune/,,
5,Sara Arfeen Khan ,https://www.instagram.com/saraarfeenkhan/,,
6,Sneha Lata,https://www.instagram.com/sneha_261013/,,
7,Avantika Mohan,https://www.instagram.com/avantii2/,,
8,Ritcha,https://www.instagram.com/ritcha/,,
9,Shivangi Goel ,https://www.instagram.com/shivangigoel__/,,
10,Heena,https://www.instagram.com/heenadhedhi/,,
11,Mili Jhaveri,https://www.instagram.com/biologicalmom/,Family & Parenting ,Mumbai 
12,Ishna Batra,https://www.instagram.com/mammaslifestyle/,,
13,Deepali Soam ,https://www.instagram.com/myteenytot/,,
14,Jasmeet Kaur,https://www.instagram.com/mommyvoyage/,,
15,Farha Sheikh,https://www.instagram.com/mumfiesta/,,
16,Nandini Tiwari ,https://www.instagram.com/cradle.full.of.joy/,"Hair & Makeup, Fitness, Family & Parenting ",Bangalore
17,Sneha Tiwari,https://www.instagram.com/highstreetmommy/,,
18,Afsha Galar,https://www.instagram.com/beingmomtastic/,,
19,Yuvika Abrol,https://www.instagram.com/yuvi.says/,,
20,Priyanka Bharwani,https://www.instagram.com/amominlove/,,
21,Surbhi Dhall,https://www.instagram.com/surbhi.dhall/,,
22,Shilpa Kamdar,https://www.instagram.com/momandtoddlers/,,
23,Prisha Lalwani ,https://www.instagram.com/mummasauruss/,,
24,Mandira Adhikary ,https://www.instagram.com/docdivatraveller/,,
25,Ritu Taneja,https://www.instagram.com/riturathee/,,